,Unnamed: 0,timestamp,pixel_count,dt
0,0,2022-10-26 01:00:00,7,1666771200
1,1,2022-10-26 01:16:00,5,1666772160
2,2,2022-10-26 01:31:00,5,1666773060
3,3,2022-10-26 01:46:00,5,1666773960
4,4,2022-10-26 02:01:00,5,1666774860
5,5,2022-10-26 02:16:00,5,1666775760
6,6,2022-10-26 02:31:00,5,1666776660
7,7,2022-10-26 02:46:00,5,1666777560
8,8,2022-10-26 03:01:00,5,1666778460
9,9,2022-10-26 03:16:00,5,1666779360
10,10,2022-10-26 03:31:00,5,1666780260
11,11,2022-10-26 03:46:00,5,1666781160
12,12,2022-10-26 04:01:00,5,1666782060
13,13,2022-10-26 04:16:00,5,1666782960
14,14,2022-10-26 04:31:00,5,1666783860
15,15,2022-10-26 04:46:00,5,1666784760
16,16,2022-10-26 05:01:00,5,1666785660
17,17,2022-10-26 05:16:00,5,1666786560
18,18,2022-10-26 05:31:00,5,1666787460
19,19,2022-10-26 05:46:00,5,1666788360
20,20,2022-10-26 06:01:00,5,1666789260
21,21,2022-10-26 06:16:00,5,1666790160
22,22,2022-10-26 06:31:00,5,1666791060
23,23,2022-10-26 06:46:00,5,1666791960
24,24,2022-10-26 07:01:00,5,1666792860
25,25,2022-10-26 07:16:00,8,1666793760
26,26,2022-10-26 07:31:00,8,1666794660
27,27,2022-10-26 07:46:00,8,1666795560
28,28,2022-10-26 08:01:00,8,1666796460
29,29,2022-10-26 08:16:00,6,1666797360
30,30,2022-10-26 08:31:00,6,1666798260
31,31,2022-10-26 08:46:00,6,1666799160
32,32,2022-10-26 09:01:00,5,1666800060
33,33,2022-10-26 09:16:00,5,1666800960
34,34,2022-10-26 09:31:00,5,1666801860
35,35,2022-10-26 09:46:00,5,1666802760
36,36,2022-10-26 10:01:00,5,1666803660
37,37,2022-10-26 10:16:00,5,1666804560
38,38,2022-10-26 10:31:00,5,1666805460
39,39,2022-10-26 10:46:00,5,1666806360
40,40,2022-10-26 11:01:00,5,1666807260
41,41,2022-10-26 11:16:00,5,1666808160
42,42,2022-10-26 11:31:00,5,1666809060
43,43,2022-10-26 11:46:00,5,1666809960
44,44,2022-10-26 12:01:00,5,1666810860
45,45,2022-10-26 12:16:00,5,1666811760
46,46,2022-10-26 12:31:00,5,1666812660
47,47,2022-10-26 12:46:00,5,1666813560
48,48,2022-10-26 13:01:00,5,1666814460
49,49,2022-10-26 13:16:00,5,1666815360
50,50,2022-10-26 13:31:00,5,1666816260
51,51,2022-10-26 13:46:00,5,1666817160
52,52,2022-10-26 14:01:00,5,1666818060
53,53,2022-10-26 14:16:00,5,1666818960
54,54,2022-10-26 14:31:00,5,1666819860
55,55,2022-10-26 14:46:00,5,1666820760
56,56,2022-10-26 15:01:00,5,1666821660
57,57,2022-10-26 15:16:00,5,1666822560
58,58,2022-10-26 15:31:00,5,1666823460
59,59,2022-10-26 15:46:00,5,1666824360
60,60,2022-10-26 16:01:00,5,1666825260
61,61,2022-10-26 16:16:00,5,1666826160
62,62,2022-10-26 16:31:00,6,1666827060
63,63,2022-10-26 16:46:00,7,1666827960
64,64,2022-10-26 17:01:00,7,1666828860
65,65,2022-10-26 17:16:00,7,1666829760
66,66,2022-10-26 17:31:00,5,1666830660
67,67,2022-10-26 17:46:00,5,1666831560
68,68,2022-10-26 18:01:00,6,1666832460
69,69,2022-10-26 18:16:00,6,1666833360
70,70,2022-10-26 18:31:00,6,1666834260
71,71,2022-10-26 18:46:00,5,1666835160
72,72,2022-10-26 19:01:00,5,1666836060
73,73,2022-10-26 19:16:00,5,1666836960
74,74,2022-10-26 19:31:00,5,1666837860
75,75,2022-10-26 19:46:00,5,1666838760
76,76,2022-10-26 20:01:00,5,1666839660
77,77,2022-10-26 20:16:00,5,1666840560
78,78,2022-10-26 20:31:00,5,1666841460
79,79,2022-10-26 20:46:00,5,1666842360
80,80,2022-10-26 21:01:00,5,1666843260
81,81,2022-10-26 21:16:00,5,1666844160
82,82,2022-10-26 21:31:00,5,1666845060
83,83,2022-10-26 21:46:00,5,1666845960
84,84,2022-10-26 22:01:00,5,1666846860
85,85,2022-10-26 22:16:00,5,1666847760
86,86,2022-10-26 22:31:00,5,1666848660
87,87,2022-10-26 22:46:00,5,1666849560
88,88,2022-10-26 23:01:00,5,1666850460
89,89,2022-10-26 23:16:00,5,1666851360
90,90,2022-10-26 23:31:00,5,1666852260
91,91,2022-10-26 23:46:00,5,1666853160
92,92,2022-10-27 00:01:00,5,1666854060
93,93,2022-10-27 00:16:00,5,1666854960
94,94,2022-10-27 00:31:00,5,1666855860
95,95,2022-10-27 00:46:00,5,1666856760
96,96,2022-10-27 01:01:00,5,1666857660
97,97,2022-10-27 01:16:00,5,1666858560
98,98,2022-10-27 01:31:00,5,1666859460
99,99,2022-10-27 01:46:00,5,1666860360
100,100,2022-10-27 02:01:00,5,1666861260
101,101,2022-10-27 02:16:00,5,1666862160
102,102,2022-10-27 02:31:00,5,1666863060
103,103,2022-10-27 02:46:00,5,1666863960
104,104,2022-10-27 03:01:00,5,1666864860
105,105,2022-10-27 03:16:00,5,1666865760
106,106,2022-10-27 03:31:00,5,1666866660
107,107,2022-10-27 03:46:00,5,1666867560
108,108,2022-10-27 04:01:00,5,1666868460
109,109,2022-10-27 04:16:00,6,1666869360
110,110,2022-10-27 04:31:00,6,1666870260
111,111,2022-10-27 04:46:00,5,1666871160
112,112,2022-10-27 05:01:00,5,1666872060
113,113,2022-10-27 05:16:00,5,1666872960
114,114,2022-10-27 05:31:00,5,1666873860
115,115,2022-10-27 05:46:00,5,1666874760
116,116,2022-10-27 06:01:00,5,1666875660
117,117,2022-10-27 06:16:00,5,1666876560
118,118,2022-10-27 06:31:00,5,1666877460
119,119,2022-10-27 06:46:00,5,1666878360
120,120,2022-10-27 07:01:00,7,1666879260
121,121,2022-10-27 07:16:00,5,1666880160
122,122,2022-10-27 07:31:00,5,1666881060
123,123,2022-10-27 07:46:00,6,1666881960
124,124,2022-10-27 08:01:00,6,1666882860
125,125,2022-10-27 08:16:00,5,1666883760
126,126,2022-10-27 08:31:00,5,1666884660
127,127,2022-10-27 08:46:00,7,1666885560
128,128,2022-10-27 09:01:00,7,1666886460
129,129,2022-10-27 09:16:00,7,1666887360
130,130,2022-10-27 09:31:00,5,1666888260
131,131,2022-10-27 09:46:00,5,1666889160
132,132,2022-10-27 10:01:00,5,1666890060
133,133,2022-10-27 10:16:00,7,1666890960
134,134,2022-10-27 10:31:00,7,1666891860
135,135,2022-10-27 10:46:00,7,1666892760
136,136,2022-10-27 11:01:00,7,1666893660
137,137,2022-10-27 11:16:00,7,1666894560
138,138,2022-10-27 11:31:00,7,1666895460
139,139,2022-10-27 11:46:00,7,1666896360
140,140,2022-10-27 12:01:00,7,1666897260
141,141,2022-10-27 12:16:00,7,1666898160
142,142,2022-10-27 12:31:00,7,1666899060
143,143,2022-10-27 12:46:00,7,1666899960
144,144,2022-10-27 13:01:00,7,1666900860
145,145,2022-10-27 13:16:00,7,1666901760
146,146,2022-10-27 13:31:00,7,1666902660
147,147,2022-10-27 13:46:00,7,1666903560
148,148,2022-10-27 14:01:00,6,1666904460
149,149,2022-10-27 14:16:00,6,1666905360
150,150,2022-10-27 14:31:00,6,1666906260
151,151,2022-10-27 14:46:00,7,1666907160
152,152,2022-10-27 15:01:00,7,1666908060
153,153,2022-10-27 15:16:00,5,1666908960
154,154,2022-10-27 15:31:00,5,1666909860
155,155,2022-10-27 15:46:00,5,1666910760
156,156,2022-10-27 16:01:00,5,1666911660
157,157,2022-10-27 16:16:00,6,1666912560
158,158,2022-10-27 16:31:00,6,1666913460
159,159,2022-10-27 16:46:00,6,1666914360
160,160,2022-10-27 17:01:00,6,1666915260
161,161,2022-10-27 17:16:00,6,1666916160
162,162,2022-10-27 17:31:00,7,1666917060
163,163,2022-10-27 17:46:00,7,1666917960
164,164,2022-10-27 18:01:00,6,1666918860
165,165,2022-10-27 18:16:00,6,1666919760
166,166,2022-10-27 18:31:00,6,1666920660
167,167,2022-10-27 18:46:00,6,1666921560
168,168,2022-10-27 19:01:00,6,1666922460
169,169,2022-10-27 19:16:00,6,1666923360
170,170,2022-10-27 19:31:00,6,1666924260
171,171,2022-10-27 19:46:00,7,1666925160
172,172,2022-10-27 20:01:00,7,1666926060
173,173,2022-10-27 20:16:00,6,1666926960
174,174,2022-10-27 20:31:00,6,1666927860
175,175,2022-10-27 20:46:00,6,1666928760
176,176,2022-10-27 21:01:00,7,1666929660
177,177,2022-10-27 21:16:00,6,1666930560
178,178,2022-10-27 21:31:00,6,1666931460
179,179,2022-10-27 21:46:00,6,1666932360
180,180,2022-10-27 22:01:00,6,1666933260
181,181,2022-10-27 22:16:00,6,1666934160
182,182,2022-10-27 22:31:00,6,1666935060
183,183,2022-10-27 22:46:00,6,1666935960
184,184,2022-10-27 23:01:00,6,1666936860
185,185,2022-10-27 23:16:00,6,1666937760
186,186,2022-10-27 23:31:00,6,1666938660
187,187,2022-10-27 23:46:00,6,1666939560
188,188,2022-10-28 00:01:00,6,1666940460
189,189,2022-10-28 00:16:00,6,1666941360
190,190,2022-10-28 00:31:00,6,1666942260
191,191,2022-10-28 00:46:00,6,1666943160
192,192,2022-10-28 01:01:00,6,1666944060
193,193,2022-10-28 01:16:00,6,1666944960
194,194,2022-10-28 01:31:00,6,1666945860
195,195,2022-10-28 01:46:00,6,1666946760
196,196,2022-10-28 02:01:00,6,1666947660
197,197,2022-10-28 02:16:00,6,1666948560
198,198,2022-10-28 02:31:00,6,1666949460
199,199,2022-10-28 02:46:00,6,1666950360
200,200,2022-10-28 03:01:00,7,1666951260
201,201,2022-10-28 03:16:00,8,1666952160
202,202,2022-10-28 03:31:00,8,1666953060
203,203,2022-10-28 03:46:00,8,1666953960
204,204,2022-10-28 04:01:00,8,1666954860
205,205,2022-10-28 04:16:00,8,1666955760
206,206,2022-10-28 04:31:00,6,1666956660
207,207,2022-10-28 04:46:00,6,1666957560
208,208,2022-10-28 05:01:00,7,1666958460
209,209,2022-10-28 05:16:00,6,1666959360
210,210,2022-10-28 05:31:00,6,1666960260
211,211,2022-10-28 05:46:00,6,1666961160
212,212,2022-10-28 06:01:00,6,1666962060
213,213,2022-10-28 06:16:00,6,1666962960
214,214,2022-10-28 06:31:00,6,1666963860
215,215,2022-10-28 06:46:00,6,1666964760
216,216,2022-10-28 07:01:00,6,1666965660
217,217,2022-10-28 07:16:00,6,1666966560
218,218,2022-10-28 07:31:00,6,1666967460
219,219,2022-10-28 07:46:00,7,1666968360
220,220,2022-10-28 08:01:00,7,1666969260
221,221,2022-10-28 08:16:00,6,1666970160
222,222,2022-10-28 08:31:00,6,1666971060
223,223,2022-10-28 08:46:00,6,1666971960
224,224,2022-10-28 09:01:00,9,1666972860
225,225,2022-10-28 09:16:00,9,1666973760
226,226,2022-10-28 09:31:00,11,1666974660
227,227,2022-10-28 09:46:00,11,1666975560
228,228,2022-10-28 10:01:00,13,1666976460
229,229,2022-10-28 10:16:00,13,1666977360
230,230,2022-10-28 10:31:00,12,1666978260
231,231,2022-10-28 10:46:00,12,1666979160
232,232,2022-10-28 11:01:00,12,1666980060
233,233,2022-10-28 11:16:00,12,1666980960
234,234,2022-10-28 11:31:00,12,1666981860
235,235,2022-10-28 11:46:00,12,1666982760
236,236,2022-10-28 12:01:00,12,1666983660
237,237,2022-10-28 12:16:00,12,1666984560
238,238,2022-10-28 12:31:00,12,1666985460
239,239,2022-10-28 13:01:00,12,1666987260
240,240,2022-10-28 13:16:00,12,1666988160
241,241,2022-10-28 13:31:00,12,1666989060
242,242,2022-10-28 13:46:00,7,1666989960
243,243,2022-10-28 14:01:00,7,1666990860
244,244,2022-10-28 14:16:00,7,1666991760
245,245,2022-10-28 14:31:00,7,1666992660
246,246,2022-10-28 14:46:00,6,1666993560
247,247,2022-10-28 15:01:00,6,1666994460
248,248,2022-10-28 15:16:00,6,1666995360
249,249,2022-10-28 15:31:00,6,1666996260
250,250,2022-10-28 15:46:00,6,1666997160
251,251,2022-10-28 16:01:00,5,1666998060
252,252,2022-10-28 16:16:00,8,1666998960
253,253,2022-10-28 16:31:00,8,1666999860
254,254,2022-10-28 16:46:00,10,1667000760
255,255,2022-10-28 17:01:00,10,1667001660
256,256,2022-10-28 17:16:00,10,1667002560
257,257,2022-10-28 17:31:00,13,1667003460
258,258,2022-10-28 17:46:00,5,1667004360
259,259,2022-10-28 18:01:00,5,1667005260
260,260,2022-10-28 18:16:00,5,1667006160
261,261,2022-10-28 18:31:00,5,1667007060
262,262,2022-10-28 18:46:00,5,1667007960
263,263,2022-10-28 19:01:00,8,1667008860
264,264,2022-10-28 19:16:00,6,1667009760
265,265,2022-10-28 19:31:00,6,1667010660
266,266,2022-10-28 19:46:00,6,1667011560
267,267,2022-10-28 20:01:00,6,1667012460
268,268,2022-10-28 20:16:00,6,1667013360
269,269,2022-10-28 20:31:00,6,1667014260
270,270,2022-10-28 20:46:00,5,1667015160
271,271,2022-10-28 21:01:00,5,1667016060
272,272,2022-10-28 21:16:00,5,1667016960
273,273,2022-10-28 21:31:00,6,1667017860
274,274,2022-10-28 21:46:00,6,1667018760
275,275,2022-10-28 22:01:00,8,1667019660
276,276,2022-10-28 22:16:00,8,1667020560
277,277,2022-10-28 22:31:00,5,1667021460
278,278,2022-10-28 22:46:00,5,1667022360
279,279,2022-10-28 23:01:00,5,1667023260
280,280,2022-10-28 23:16:00,5,1667024160
281,281,2022-10-28 23:31:00,5,1667025060
282,282,2022-10-28 23:46:00,7,1667025960
283,283,2022-10-29 00:01:00,7,1667026860
284,284,2022-10-29 00:16:00,7,1667027760
285,285,2022-10-29 00:31:00,5,1667028660
286,286,2022-10-29 00:46:00,5,1667029560
287,287,2022-10-29 01:01:00,8,1667030460
288,288,2022-10-29 01:16:00,8,1667031360
289,289,2022-10-29 01:31:00,9,1667032260
290,290,2022-10-29 01:46:00,14,1667033160
291,291,2022-10-29 02:01:00,14,1667034060
292,292,2022-10-29 02:16:00,9,1667034960
293,293,2022-10-29 02:31:00,9,1667035860
294,294,2022-10-29 02:46:00,9,1667036760
295,295,2022-10-29 03:01:00,7,1667037660
296,296,2022-10-29 03:16:00,7,1667038560
297,297,2022-10-29 03:31:00,7,1667039460
298,298,2022-10-29 03:46:00,7,1667040360
299,299,2022-10-29 04:01:00,7,1667041260
300,300,2022-10-29 04:16:00,7,1667042160
301,301,2022-10-29 04:31:00,7,1667043060
302,302,2022-10-29 04:46:00,7,1667043960
303,303,2022-10-29 05:01:00,5,1667044860
304,304,2022-10-29 05:16:00,6,1667045760
305,305,2022-10-29 05:31:00,6,1667046660
306,306,2022-10-29 05:46:00,6,1667047560
307,307,2022-10-29 06:01:00,6,1667048460
308,308,2022-10-29 06:16:00,6,1667049360
309,309,2022-10-29 06:31:00,5,1667050260
310,310,2022-10-29 06:46:00,6,1667051160
311,311,2022-10-29 07:01:00,6,1667052060
312,312,2022-10-29 07:16:00,6,1667052960
313,313,2022-10-29 07:31:00,6,1667053860
314,314,2022-10-29 07:46:00,6,1667054760
315,315,2022-10-29 08:01:00,6,1667055660
316,316,2022-10-29 08:16:00,6,1667056560
317,317,2022-10-29 08:31:00,6,1667057460
318,318,2022-10-29 08:46:00,7,1667058360
319,319,2022-10-29 09:01:00,7,1667059260
320,320,2022-10-29 09:16:00,10,1667060160
321,321,2022-10-29 09:31:00,10,1667061060
322,322,2022-10-29 09:46:00,10,1667061960
323,323,2022-10-29 10:01:00,10,1667062860
324,324,2022-10-29 10:16:00,10,1667063760
325,325,2022-10-29 10:31:00,6,1667064660
326,326,2022-10-29 10:46:00,6,1667065560
327,327,2022-10-29 11:01:00,6,1667066460
328,328,2022-10-29 11:16:00,6,1667067360
329,329,2022-10-29 11:31:00,6,1667068260
330,330,2022-10-29 12:31:00,6,1667071860
331,331,2022-10-29 12:46:00,6,1667072760
332,332,2022-10-29 13:01:00,6,1667073660
333,333,2022-10-29 13:16:00,6,1667074560
334,334,2022-10-29 13:31:00,6,1667075460
335,335,2022-10-29 13:46:00,15,1667076360
336,336,2022-10-29 14:01:00,15,1667077260
337,337,2022-10-29 14:16:00,15,1667078160
338,338,2022-10-29 14:31:00,15,1667079060
339,339,2022-10-29 14:46:00,14,1667079960
340,340,2022-10-29 15:01:00,14,1667080860
341,341,2022-10-29 15:16:00,14,1667081760
342,342,2022-10-29 15:31:00,16,1667082660
343,343,2022-10-29 15:46:00,16,1667083560
344,344,2022-10-29 16:01:00,25,1667084460
345,345,2022-10-29 16:16:00,30,1667085360
346,346,2022-10-29 16:31:00,30,1667086260
347,347,2022-10-29 16:46:00,27,1667087160
348,348,2022-10-29 17:01:00,27,1667088060
349,349,2022-10-29 17:16:00,27,1667088960
350,350,2022-10-29 17:31:00,13,1667089860
351,351,2022-10-29 17:46:00,11,1667090760
352,352,2022-10-29 18:01:00,11,1667091660
353,353,2022-10-29 18:16:00,11,1667092560
354,354,2022-10-29 18:31:00,14,1667093460
355,355,2022-10-29 18:46:00,14,1667094360
356,356,2022-10-29 19:01:00,23,1667095260
357,357,2022-10-29 19:16:00,23,1667096160
358,358,2022-10-29 19:31:00,23,1667097060
359,359,2022-10-29 19:46:00,23,1667097960
360,360,2022-10-29 20:01:00,25,1667098860
361,361,2022-10-29 20:16:00,29,1667099760
362,362,2022-10-29 20:31:00,29,1667100660
363,363,2022-10-29 20:46:00,29,1667101560
364,364,2022-10-29 21:01:00,27,1667102460
365,365,2022-10-29 21:16:00,27,1667103360
366,366,2022-10-29 21:31:00,27,1667104260
367,367,2022-10-29 21:46:00,27,1667105160
368,368,2022-10-29 22:01:00,29,1667106060
369,369,2022-10-29 22:16:00,37,1667106960
370,370,2022-10-29 22:31:00,37,1667107860
371,371,2022-10-29 22:46:00,37,1667108760
372,372,2022-10-29 23:01:00,37,1667109660
373,373,2022-10-29 23:16:00,44,1667110560
374,374,2022-10-29 23:31:00,44,1667111460
375,375,2022-10-29 23:46:00,44,1667112360
376,376,2022-10-30 00:01:00,44,1667113260
377,377,2022-10-30 00:16:00,32,1667114160
378,378,2022-10-30 00:31:00,40,1667115060
379,379,2022-10-30 00:46:00,40,1667115960
380,380,2022-10-30 01:01:00,35,1667116860
381,381,2022-10-30 01:16:00,35,1667117760
382,382,2022-10-30 01:31:00,32,1667118660
383,383,2022-10-30 01:46:00,32,1667119560
384,384,2022-10-30 02:01:00,34,1667120460
385,385,2022-10-30 02:16:00,34,1667121360
386,386,2022-10-30 02:31:00,34,1667122260
387,387,2022-10-30 02:46:00,21,1667123160
388,388,2022-10-30 03:01:00,21,1667124060
389,389,2022-10-30 03:16:00,21,1667124960
390,390,2022-10-30 03:31:00,14,1667125860
391,391,2022-10-30 03:46:00,14,1667126760
392,392,2022-10-30 04:01:00,14,1667127660
393,393,2022-10-30 04:16:00,14,1667128560
394,394,2022-10-30 04:31:00,20,1667129460
395,395,2022-10-30 04:46:00,20,1667130360
396,396,2022-10-30 05:01:00,11,1667131260
397,397,2022-10-30 05:16:00,12,1667132160
398,398,2022-10-30 05:31:00,12,1667133060
399,399,2022-10-30 05:46:00,12,1667133960
400,400,2022-10-30 06:01:00,17,1667134860
401,401,2022-10-30 06:16:00,17,1667135760
402,402,2022-10-30 06:31:00,6,1667136660
403,403,2022-10-30 06:46:00,9,1667137560
404,404,2022-10-30 07:01:00,9,1667138460
405,405,2022-10-30 07:16:00,9,1667139360
406,406,2022-10-30 07:31:00,17,1667140260
407,407,2022-10-30 07:46:00,30,1667141160
408,408,2022-10-30 08:01:00,30,1667142060
409,409,2022-10-30 08:16:00,28,1667142960
410,410,2022-10-30 08:31:00,28,1667143860
411,411,2022-10-30 08:46:00,28,1667144760
412,412,2022-10-30 09:01:00,28,1667145660
413,413,2022-10-30 09:16:00,31,1667146560
414,414,2022-10-30 09:31:00,31,1667147460
415,415,2022-10-30 09:46:00,31,1667148360
416,416,2022-10-30 10:01:00,37,1667149260
417,417,2022-10-30 10:16:00,41,1667150160
418,418,2022-10-30 10:31:00,41,1667151060
419,419,2022-10-30 10:46:00,41,1667151960
420,420,2022-10-30 11:01:00,41,1667152860
421,421,2022-10-30 11:16:00,41,1667153760
422,422,2022-10-30 11:31:00,41,1667154660
423,423,2022-10-30 11:46:00,41,1667155560
424,424,2022-10-30 12:01:00,41,1667156460
425,425,2022-10-30 12:16:00,41,1667157360
426,426,2022-10-30 12:31:00,41,1667158260
427,427,2022-10-30 12:46:00,41,1667159160
428,428,2022-10-30 13:01:00,41,1667160060
429,429,2022-10-30 13:16:00,41,1667160960
430,430,2022-10-30 13:31:00,41,1667161860
431,431,2022-10-30 13:46:00,41,1667162760
432,432,2022-10-30 14:01:00,10,1667163660
433,433,2022-10-30 14:16:00,12,1667164560
434,434,2022-10-30 14:31:00,12,1667165460
435,435,2022-10-30 14:46:00,12,1667166360
436,436,2022-10-30 15:01:00,12,1667167260
437,437,2022-10-30 15:16:00,19,1667168160
438,438,2022-10-30 15:31:00,19,1667169060
439,439,2022-10-30 15:46:00,19,1667169960
440,440,2022-10-30 16:01:00,16,1667170860
441,441,2022-10-30 16:16:00,16,1667171760
442,442,2022-10-30 16:31:00,8,1667172660
443,443,2022-10-30 16:46:00,8,1667173560
444,444,2022-10-30 17:01:00,21,1667174460
445,445,2022-10-30 17:16:00,21,1667175360
446,446,2022-10-30 17:31:00,25,1667176260
447,447,2022-10-30 17:46:00,25,1667177160
448,448,2022-10-30 18:01:00,20,1667178060
449,449,2022-10-30 18:16:00,20,1667178960
450,450,2022-10-30 18:31:00,12,1667179860
451,451,2022-10-30 18:46:00,12,1667180760
452,452,2022-10-30 19:01:00,10,1667181660
453,453,2022-10-30 19:16:00,10,1667182560
454,454,2022-10-30 19:31:00,10,1667183460
455,455,2022-10-30 19:46:00,6,1667184360
456,456,2022-10-30 20:01:00,6,1667185260
457,457,2022-10-30 20:16:00,6,1667186160
458,458,2022-10-30 20:31:00,10,1667187060
459,459,2022-10-30 20:46:00,12,1667187960
460,460,2022-10-30 21:01:00,12,1667188860
461,461,2022-10-30 21:16:00,12,1667189760
462,462,2022-10-30 21:31:00,12,1667190660
463,463,2022-10-30 21:46:00,14,1667191560
464,464,2022-10-30 22:16:00,14,1667193360
465,465,2022-10-30 22:31:00,14,1667194260
466,466,2022-10-30 22:46:00,16,1667195160
467,467,2022-10-30 23:01:00,16,1667196060
468,468,2022-10-30 23:16:00,16,1667196960
469,469,2022-10-30 23:31:00,16,1667197860
470,470,2022-10-30 23:46:00,16,1667198760
471,471,2022-10-31 00:01:00,16,1667199660
472,472,2022-10-31 00:16:00,16,1667200560
473,473,2022-10-31 00:31:00,16,1667201460
474,474,2022-10-31 00:46:00,21,1667202360
475,475,2022-10-31 01:01:00,21,1667203260
476,476,2022-10-31 01:16:00,20,1667204160
477,477,2022-10-31 01:31:00,20,1667205060
478,478,2022-10-31 01:46:00,20,1667205960
479,479,2022-10-31 02:01:00,20,1667206860
480,480,2022-10-31 02:16:00,20,1667207760
481,481,2022-10-31 04:01:00,23,1667214060
482,482,2022-10-31 04:16:00,23,1667214960
483,483,2022-10-31 04:31:00,17,1667215860
484,484,2022-10-31 04:46:00,10,1667216760
485,485,2022-10-31 05:01:00,10,1667217660
486,486,2022-10-31 05:16:00,10,1667218560
487,487,2022-10-31 05:31:00,5,1667219460
488,488,2022-10-31 05:46:00,5,1667220360
489,489,2022-10-31 06:01:00,6,1667221260
490,490,2022-10-31 06:16:00,6,1667222160
491,491,2022-10-31 06:31:00,14,1667223060
492,492,2022-10-31 06:46:00,18,1667223960
493,493,2022-10-31 07:01:00,18,1667224860
494,494,2022-10-31 07:16:00,17,1667225760
495,495,2022-10-31 07:31:00,17,1667226660
496,496,2022-10-31 07:46:00,17,1667227560
497,497,2022-10-31 08:01:00,18,1667228460
498,498,2022-10-31 08:16:00,18,1667229360
499,499,2022-10-31 08:31:00,18,1667230260
500,500,2022-10-31 08:46:00,16,1667231160
501,501,2022-10-31 09:01:00,16,1667232060
502,502,2022-10-31 09:16:00,16,1667232960
503,503,2022-10-31 09:31:00,8,1667233860
504,504,2022-10-31 09:46:00,8,1667234760
505,505,2022-10-31 10:01:00,16,1667235660
506,506,2022-10-31 10:16:00,16,1667236560
507,507,2022-10-31 10:31:00,16,1667237460
508,508,2022-10-31 10:46:00,16,1667238360
509,509,2022-10-31 11:01:00,17,1667239260
510,510,2022-10-31 11:16:00,17,1667240160
511,511,2022-10-31 11:31:00,17,1667241060
512,512,2022-10-31 11:46:00,17,1667241960
513,513,2022-10-31 12:01:00,17,1667242860
514,514,2022-10-31 12:16:00,17,1667243760
515,515,2022-10-31 12:31:00,17,1667244660
516,516,2022-10-31 12:46:00,17,1667245560
517,517,2022-10-31 13:01:00,17,1667246460
518,518,2022-10-31 13:16:00,17,1667247360
519,519,2022-10-31 13:31:00,17,1667248260
520,520,2022-10-31 13:46:00,17,1667249160
521,521,2022-10-31 14:01:00,54,1667250060
522,522,2022-10-31 14:16:00,54,1667250960
523,523,2022-10-31 14:31:00,8,1667251860
524,524,2022-10-31 14:46:00,8,1667252760
525,525,2022-10-31 15:01:00,11,1667253660
526,526,2022-10-31 15:16:00,11,1667254560
527,527,2022-10-31 15:31:00,60,1667255460
528,528,2022-10-31 15:46:00,40,1667256360
529,529,2022-10-31 16:01:00,40,1667257260
530,530,2022-10-31 16:16:00,35,1667258160
531,531,2022-10-31 16:31:00,35,1667259060
532,532,2022-10-31 16:46:00,35,1667259960
533,533,2022-10-31 17:01:00,35,1667260860
534,534,2022-10-31 17:16:00,31,1667261760
535,535,2022-10-31 17:31:00,31,1667262660
536,536,2022-10-31 17:46:00,31,1667263560
537,537,2022-10-31 18:01:00,31,1667264460
538,538,2022-10-31 18:16:00,31,1667265360
539,539,2022-10-31 18:31:00,25,1667266260
540,540,2022-10-31 18:46:00,16,1667267160
541,541,2022-10-31 19:01:00,16,1667268060
542,542,2022-10-31 19:16:00,6,1667268960
543,543,2022-10-31 19:31:00,6,1667269860
544,544,2022-10-31 19:46:00,5,1667270760
545,545,2022-10-31 20:01:00,5,1667271660
546,546,2022-10-31 20:16:00,11,1667272560
547,547,2022-10-31 20:31:00,11,1667273460
548,548,2022-10-31 20:46:00,9,1667274360
549,549,2022-10-31 21:01:00,9,1667275260
550,550,2022-10-31 21:16:00,15,1667276160
551,551,2022-10-31 21:31:00,15,1667277060
552,552,2022-10-31 21:46:00,19,1667277960
553,553,2022-10-31 22:01:00,19,1667278860
554,554,2022-10-31 22:16:00,6,1667279760
555,555,2022-10-31 22:31:00,6,1667280660
556,556,2022-10-31 22:46:00,6,1667281560
557,557,2022-10-31 23:16:00,6,1667283360
558,558,2022-10-31 23:31:00,6,1667284260
559,559,2022-10-31 23:46:00,7,1667285160
560,560,2022-11-01 00:01:00,7,1667286060
561,561,2022-11-01 00:16:00,7,1667286960
562,562,2022-11-01 00:31:00,7,1667287860
563,563,2022-11-01 00:46:00,6,1667288760
564,564,2022-11-01 01:01:00,6,1667289660
565,565,2022-11-01 01:16:00,7,1667290560
566,566,2022-11-01 01:31:00,7,1667291460
567,567,2022-11-01 01:46:00,11,1667292360
568,568,2022-11-01 02:01:00,11,1667293260
569,569,2022-11-01 02:16:00,11,1667294160
570,570,2022-11-01 02:31:00,11,1667295060
571,571,2022-11-01 02:46:00,19,1667295960
572,572,2022-11-01 03:01:00,19,1667296860
573,573,2022-11-01 03:16:00,21,1667297760
574,574,2022-11-01 03:31:00,21,1667298660
575,575,2022-11-01 03:46:00,21,1667299560
576,576,2022-11-01 04:01:00,21,1667300460
577,577,2022-11-01 04:16:00,17,1667301360
578,578,2022-11-01 04:31:00,17,1667302260
579,579,2022-11-01 04:46:00,26,1667303160
580,580,2022-11-01 05:01:00,26,1667304060
581,581,2022-11-01 05:16:00,17,1667304960
582,582,2022-11-01 05:31:00,17,1667305860
583,583,2022-11-01 05:46:00,6,1667306760
584,584,2022-11-01 06:01:00,6,1667307660
585,585,2022-11-01 06:16:00,6,1667308560
586,586,2022-11-01 06:31:00,6,1667309460
587,587,2022-11-01 06:46:00,6,1667310360
588,588,2022-11-01 07:01:00,6,1667311260
589,589,2022-11-01 07:16:00,9,1667312160
590,590,2022-11-01 07:31:00,9,1667313060
591,591,2022-11-01 07:46:00,9,1667313960
592,592,2022-11-01 08:01:00,9,1667314860
593,593,2022-11-01 08:16:00,6,1667315760
594,594,2022-11-01 08:31:00,6,1667316660
595,595,2022-11-01 08:46:00,6,1667317560
596,596,2022-11-01 09:01:00,6,1667318460
597,597,2022-11-01 09:16:00,12,1667319360
598,598,2022-11-01 09:31:00,12,1667320260
599,599,2022-11-01 09:46:00,16,1667321160
600,600,2022-11-01 10:01:00,16,1667322060
601,601,2022-11-01 10:16:00,18,1667322960
602,602,2022-11-01 10:31:00,18,1667323860
603,603,2022-11-01 10:46:00,18,1667324760
604,604,2022-11-01 11:01:00,18,1667325660
605,605,2022-11-01 11:16:00,18,1667326560
606,606,2022-11-01 11:31:00,18,1667327460
607,607,2022-11-01 11:46:00,18,1667328360
608,608,2022-11-01 12:01:00,18,1667329260
609,609,2022-11-01 12:16:00,18,1667330160
610,610,2022-11-01 12:31:00,18,1667331060
611,611,2022-11-01 12:46:00,18,1667331960
612,612,2022-11-01 13:01:00,18,1667332860
613,613,2022-11-01 13:16:00,18,1667333760
614,614,2022-11-01 13:31:00,18,1667334660
615,615,2022-11-01 13:46:00,26,1667335560
616,616,2022-11-01 14:01:00,26,1667336460
617,617,2022-11-01 14:16:00,24,1667337360
618,618,2022-11-01 14:31:00,24,1667338260
619,619,2022-11-01 14:46:00,27,1667339160
620,620,2022-11-01 15:01:00,27,1667340060
621,621,2022-11-01 15:16:00,17,1667340960
622,622,2022-11-01 15:31:00,17,1667341860
623,623,2022-11-01 15:46:00,8,1667342760
624,624,2022-11-01 16:01:00,8,1667343660
625,625,2022-11-01 16:16:00,7,1667344560
626,626,2022-11-01 16:31:00,7,1667345460
627,627,2022-11-01 16:46:00,9,1667346360
628,628,2022-11-01 17:01:00,9,1667347260
629,629,2022-11-01 17:16:00,15,1667348160
630,630,2022-11-01 17:31:00,15,1667349060
631,631,2022-11-01 17:46:00,16,1667349960
632,632,2022-11-01 18:01:00,16,1667350860
633,633,2022-11-01 18:16:00,29,1667351760
634,634,2022-11-01 18:31:00,29,1667352660
635,635,2022-11-01 18:46:00,29,1667353560
636,636,2022-11-01 19:01:00,29,1667354460
637,637,2022-11-01 19:16:00,26,1667355360
638,638,2022-11-01 19:31:00,26,1667356260
639,639,2022-11-01 19:46:00,22,1667357160
640,640,2022-11-01 20:01:00,22,1667358060
641,641,2022-11-01 20:16:00,21,1667358960
642,642,2022-11-01 20:31:00,21,1667359860
643,643,2022-11-01 20:46:00,17,1667360760
644,644,2022-11-01 21:01:00,17,1667361660
645,645,2022-11-01 21:31:00,19,1667363460
646,646,2022-11-01 21:46:00,14,1667364360
647,647,2022-11-01 22:01:00,14,1667365260
648,648,2022-11-01 22:16:00,11,1667366160
649,649,2022-11-01 22:31:00,11,1667367060
650,650,2022-11-01 22:46:00,10,1667367960
651,651,2022-11-01 23:01:00,10,1667368860
652,652,2022-11-01 23:16:00,8,1667369760
653,653,2022-11-01 23:31:00,8,1667370660
654,654,2022-11-01 23:46:00,9,1667371560
655,655,2022-11-02 00:01:00,9,1667372460
656,656,2022-11-02 00:16:00,13,1667373360
657,657,2022-11-02 00:31:00,13,1667374260
658,658,2022-11-02 00:46:00,14,1667375160
659,659,2022-11-02 01:01:00,14,1667376060
660,660,2022-11-02 01:16:00,18,1667376960
661,661,2022-11-02 01:31:00,18,1667377860
662,662,2022-11-02 01:46:00,19,1667378760
663,663,2022-11-02 02:01:00,19,1667379660
664,664,2022-11-02 02:16:00,15,1667380560
665,665,2022-11-02 02:31:00,15,1667381460
666,666,2022-11-02 02:46:00,19,1667382360
667,667,2022-11-02 03:01:00,19,1667383260
668,668,2022-11-02 03:16:00,21,1667384160
669,669,2022-11-02 03:31:00,21,1667385060
670,670,2022-11-02 03:46:00,19,1667385960
671,671,2022-11-02 04:01:00,19,1667386860
672,672,2022-11-02 04:16:00,21,1667387760
673,673,2022-11-02 04:31:00,21,1667388660
674,674,2022-11-02 04:46:00,26,1667389560
675,675,2022-11-02 05:01:00,26,1667390460
676,676,2022-11-02 05:16:00,30,1667391360
677,677,2022-11-02 05:31:00,30,1667392260
678,678,2022-11-02 05:46:00,32,1667393160
679,679,2022-11-02 06:01:00,32,1667394060
680,680,2022-11-02 06:16:00,41,1667394960
681,681,2022-11-02 06:31:00,41,1667395860
682,682,2022-11-02 06:46:00,40,1667396760
683,683,2022-11-02 07:01:00,40,1667397660
684,684,2022-11-02 07:16:00,39,1667398560
685,685,2022-11-02 07:31:00,39,1667399460
686,686,2022-11-02 07:46:00,41,1667400360
687,687,2022-11-02 08:01:00,41,1667401260
688,688,2022-11-02 08:16:00,33,1667402160
689,689,2022-11-02 08:31:00,33,1667403060
690,690,2022-11-02 08:46:00,40,1667403960
691,691,2022-11-02 09:01:00,40,1667404860
692,692,2022-11-02 09:16:00,28,1667405760
693,693,2022-11-02 09:31:00,28,1667406660
694,694,2022-11-02 09:46:00,35,1667407560
695,695,2022-11-02 10:01:00,35,1667408460
696,696,2022-11-02 10:16:00,34,1667409360
697,697,2022-11-02 10:31:00,34,1667410260
698,698,2022-11-02 10:46:00,34,1667411160
699,699,2022-11-02 11:01:00,34,1667412060
700,700,2022-11-02 11:16:00,34,1667412960
701,701,2022-11-02 11:31:00,34,1667413860
702,702,2022-11-02 11:46:00,34,1667414760
703,703,2022-11-02 12:01:00,34,1667415660
704,704,2022-11-02 12:16:00,34,1667416560
705,705,2022-11-02 12:31:00,34,1667417460
706,706,2022-11-02 12:46:00,34,1667418360
707,707,2022-11-02 13:01:00,34,1667419260
708,708,2022-11-02 13:16:00,34,1667420160
709,709,2022-11-02 13:31:00,34,1667421060
710,710,2022-11-02 13:46:00,32,1667421960
711,711,2022-11-02 14:01:00,32,1667422860
712,712,2022-11-02 14:16:00,30,1667423760
713,713,2022-11-02 14:31:00,30,1667424660
714,714,2022-11-02 14:46:00,36,1667425560
715,715,2022-11-02 15:01:00,36,1667426460
716,716,2022-11-02 15:16:00,31,1667427360
717,717,2022-11-02 15:31:00,31,1667428260
718,718,2022-11-02 15:46:00,26,1667429160
719,719,2022-11-02 16:01:00,26,1667430060
720,720,2022-11-02 16:16:00,23,1667430960
721,721,2022-11-02 16:31:00,23,1667431860
722,722,2022-11-02 16:46:00,21,1667432760
723,723,2022-11-02 17:01:00,21,1667433660
724,724,2022-11-02 17:16:00,20,1667434560
725,725,2022-11-02 17:31:00,20,1667435460
726,726,2022-11-02 17:46:00,14,1667436360
727,727,2022-11-02 18:01:00,14,1667437260
728,728,2022-11-02 18:16:00,19,1667438160
729,729,2022-11-02 18:31:00,19,1667439060
730,730,2022-11-02 18:46:00,14,1667439960
731,731,2022-11-02 19:01:00,14,1667440860
732,732,2022-11-02 19:16:00,9,1667441760
733,733,2022-11-02 19:31:00,9,1667442660
734,734,2022-11-02 19:46:00,9,1667443560
735,735,2022-11-02 20:01:00,9,1667444460
736,736,2022-11-02 20:16:00,13,1667445360
737,737,2022-11-02 20:31:00,13,1667446260
738,738,2022-11-02 20:46:00,16,1667447160
739,739,2022-11-02 21:01:00,16,1667448060
740,740,2022-11-02 21:16:00,23,1667448960
741,741,2022-11-02 21:31:00,23,1667449860
742,742,2022-11-02 21:46:00,17,1667450760
743,743,2022-11-02 22:01:00,17,1667451660
744,744,2022-11-02 22:16:00,16,1667452560
745,745,2022-11-02 22:31:00,16,1667453460
746,746,2022-11-02 22:46:00,13,1667454360
747,747,2022-11-02 23:01:00,13,1667455260
748,748,2022-11-02 23:16:00,7,1667456160
749,749,2022-11-02 23:31:00,7,1667457060
750,750,2022-11-02 23:46:00,7,1667457960
751,751,2022-11-03 00:01:00,7,1667458860
752,752,2022-11-03 00:16:00,12,1667459760
753,753,2022-11-03 00:31:00,12,1667460660
754,754,2022-11-03 00:46:00,8,1667461560
755,755,2022-11-03 01:01:00,8,1667462460
756,756,2022-11-03 01:16:00,8,1667463360
757,757,2022-11-03 01:31:00,8,1667464260
758,758,2022-11-03 01:46:00,6,1667465160
759,759,2022-11-03 02:01:00,6,1667466060
760,760,2022-11-03 02:16:00,8,1667466960
761,761,2022-11-03 02:31:00,8,1667467860
762,762,2022-11-03 02:46:00,10,1667468760
763,763,2022-11-03 03:01:00,10,1667469660
764,764,2022-11-03 03:16:00,7,1667470560
765,765,2022-11-03 03:31:00,7,1667471460
766,766,2022-11-03 03:46:00,9,1667472360
767,767,2022-11-03 04:01:00,9,1667473260
768,768,2022-11-03 04:31:00,11,1667475060
769,769,2022-11-03 04:46:00,10,1667475960
770,770,2022-11-03 05:01:00,10,1667476860
771,771,2022-11-03 05:16:00,18,1667477760
772,772,2022-11-03 05:31:00,18,1667478660
773,773,2022-11-03 05:46:00,20,1667479560
774,774,2022-11-03 06:01:00,20,1667480460
775,775,2022-11-03 06:16:00,22,1667481360
776,776,2022-11-03 06:31:00,22,1667482260
777,777,2022-11-03 06:46:00,25,1667483160
778,778,2022-11-03 07:01:00,25,1667484060
779,779,2022-11-03 07:16:00,31,1667484960
780,780,2022-11-03 07:31:00,31,1667485860
781,781,2022-11-03 07:46:00,37,1667486760
782,782,2022-11-03 08:01:00,37,1667487660
783,783,2022-11-03 08:16:00,38,1667488560
784,784,2022-11-03 08:31:00,38,1667489460
785,785,2022-11-03 08:46:00,36,1667490360
786,786,2022-11-03 09:01:00,36,1667491260
787,787,2022-11-03 09:16:00,29,1667492160
788,788,2022-11-03 09:31:00,29,1667493060
789,789,2022-11-03 09:46:00,22,1667493960
790,790,2022-11-03 10:01:00,22,1667494860
791,791,2022-11-03 10:16:00,31,1667495760
792,792,2022-11-03 10:31:00,31,1667496660
793,793,2022-11-03 10:46:00,31,1667497560
794,794,2022-11-03 11:01:00,31,1667498460
795,795,2022-11-03 11:16:00,31,1667499360
796,796,2022-11-03 11:31:00,31,1667500260
797,797,2022-11-03 11:46:00,31,1667501160
798,798,2022-11-03 12:01:00,31,1667502060
799,799,2022-11-03 12:16:00,31,1667502960
800,800,2022-11-03 12:31:00,31,1667503860
801,801,2022-11-03 12:46:00,31,1667504760
802,802,2022-11-03 13:01:00,31,1667505660
803,803,2022-11-03 13:16:00,31,1667506560
804,804,2022-11-03 13:31:00,31,1667507460
805,805,2022-11-03 13:46:00,18,1667508360
806,806,2022-11-03 14:01:00,18,1667509260
807,807,2022-11-03 14:16:00,13,1667510160
808,808,2022-11-03 14:31:00,13,1667511060
809,809,2022-11-03 14:46:00,13,1667511960
810,810,2022-11-03 15:01:00,13,1667512860
811,811,2022-11-03 15:16:00,15,1667513760
812,812,2022-11-03 15:31:00,15,1667514660
813,813,2022-11-03 15:46:00,18,1667515560
814,814,2022-11-03 16:01:00,18,1667516460
815,815,2022-11-03 16:16:00,18,1667517360
816,816,2022-11-03 16:31:00,18,1667518260
817,817,2022-11-03 16:46:00,18,1667519160
818,818,2022-11-03 17:01:00,18,1667520060
819,819,2022-11-03 17:16:00,24,1667520960
820,820,2022-11-03 17:31:00,24,1667521860
821,821,2022-11-03 17:46:00,28,1667522760
822,822,2022-11-03 18:01:00,28,1667523660
823,823,2022-11-03 18:16:00,14,1667524560
824,824,2022-11-03 18:31:00,14,1667525460
825,825,2022-11-03 18:46:00,4,1667526360
826,826,2022-11-03 19:01:00,4,1667527260
827,827,2022-11-03 19:16:00,5,1667528160
828,828,2022-11-03 19:31:00,5,1667529060
829,829,2022-11-03 19:46:00,5,1667529960
830,830,2022-11-03 20:01:00,5,1667530860
831,831,2022-11-03 20:16:00,8,1667531760
832,832,2022-11-03 20:31:00,8,1667532660
833,833,2022-11-03 20:46:00,7,1667533560
834,834,2022-11-03 21:01:00,7,1667534460
835,835,2022-11-03 21:16:00,10,1667535360
836,836,2022-11-03 21:31:00,10,1667536260
837,837,2022-11-03 21:46:00,4,1667537160
838,838,2022-11-03 22:01:00,4,1667538060
839,839,2022-11-03 22:16:00,6,1667538960
840,840,2022-11-03 22:31:00,6,1667539860
841,841,2022-11-03 22:46:00,5,1667540760
842,842,2022-11-03 23:01:00,5,1667541660
843,843,2022-11-03 23:16:00,6,1667542560
844,844,2022-11-03 23:31:00,6,1667543460
845,845,2022-11-03 23:46:00,6,1667544360
846,846,2022-11-04 00:01:00,6,1667545260
847,847,2022-11-04 00:16:00,14,1667546160
848,848,2022-11-04 00:31:00,14,1667547060
849,849,2022-11-04 00:46:00,16,1667547960
850,850,2022-11-04 01:01:00,16,1667548860
851,851,2022-11-04 01:16:00,13,1667549760
852,852,2022-11-04 01:31:00,13,1667550660
853,853,2022-11-04 01:46:00,12,1667551560
854,854,2022-11-04 02:01:00,12,1667552460
855,855,2022-11-04 02:16:00,12,1667553360
856,856,2022-11-04 02:31:00,12,1667554260
857,857,2022-11-04 02:46:00,9,1667555160
858,858,2022-11-04 03:01:00,9,1667556060
859,859,2022-11-04 03:16:00,8,1667556960
860,860,2022-11-04 03:31:00,8,1667557860
861,861,2022-11-04 03:46:00,11,1667558760
862,862,2022-11-04 04:01:00,11,1667559660
863,863,2022-11-04 04:16:00,9,1667560560
864,864,2022-11-04 04:31:00,9,1667561460
865,865,2022-11-04 04:46:00,12,1667562360
866,866,2022-11-04 05:01:00,12,1667563260
867,867,2022-11-04 05:16:00,7,1667564160
868,868,2022-11-04 05:31:00,7,1667565060
869,869,2022-11-04 05:46:00,7,1667565960
870,870,2022-11-04 06:01:00,7,1667566860
871,871,2022-11-04 06:16:00,4,1667567760
872,872,2022-11-04 06:31:00,4,1667568660
873,873,2022-11-04 06:46:00,9,1667569560
874,874,2022-11-04 07:01:00,9,1667570460
875,875,2022-11-04 07:16:00,12,1667571360
876,876,2022-11-04 07:31:00,12,1667572260
877,877,2022-11-04 07:46:00,6,1667573160
878,878,2022-11-04 08:01:00,6,1667574060
879,879,2022-11-04 08:16:00,6,1667574960
880,880,2022-11-04 08:31:00,6,1667575860
881,881,2022-11-04 08:46:00,7,1667576760
882,882,2022-11-04 09:01:00,7,1667577660
883,883,2022-11-04 09:16:00,10,1667578560
884,884,2022-11-04 09:31:00,10,1667579460
885,885,2022-11-04 09:46:00,9,1667580360
886,886,2022-11-04 10:01:00,9,1667581260
887,887,2022-11-04 10:16:00,11,1667582160
888,888,2022-11-04 10:31:00,11,1667583060
889,889,2022-11-04 10:46:00,4,1667583960
890,890,2022-11-04 11:01:00,4,1667584860
891,891,2022-11-04 11:16:00,4,1667585760
892,892,2022-11-04 11:31:00,4,1667586660
893,893,2022-11-04 11:46:00,4,1667587560
894,894,2022-11-04 12:01:00,4,1667588460
895,895,2022-11-04 12:16:00,4,1667589360
896,896,2022-11-04 12:31:00,4,1667590260
897,897,2022-11-04 12:46:00,4,1667591160
898,898,2022-11-04 13:01:00,4,1667592060
899,899,2022-11-04 13:16:00,9,1667592960
900,900,2022-11-04 13:31:00,9,1667593860
901,901,2022-11-04 13:46:00,5,1667594760
902,902,2022-11-04 14:01:00,5,1667595660
903,903,2022-11-04 14:16:00,5,1667596560
904,904,2022-11-04 14:31:00,5,1667597460
905,905,2022-11-04 14:46:00,10,1667598360
906,906,2022-11-04 15:01:00,10,1667599260
907,907,2022-11-04 15:16:00,14,1667600160
908,908,2022-11-04 15:31:00,14,1667601060
909,909,2022-11-04 15:46:00,9,1667601960
910,910,2022-11-04 16:01:00,9,1667602860
911,911,2022-11-04 16:16:00,9,1667603760
912,912,2022-11-04 16:31:00,9,1667604660
913,913,2022-11-04 16:46:00,10,1667605560
914,914,2022-11-04 17:01:00,10,1667606460
915,915,2022-11-04 17:16:00,12,1667607360
916,916,2022-11-04 17:31:00,12,1667608260
917,917,2022-11-04 17:46:00,16,1667609160
918,918,2022-11-04 18:01:00,16,1667610060
919,919,2022-11-04 18:16:00,15,1667610960
920,920,2022-11-04 18:31:00,15,1667611860
921,921,2022-11-04 18:46:00,19,1667612760
922,922,2022-11-04 19:01:00,19,1667613660
923,923,2022-11-04 19:29:00,14,1667615340
924,924,2022-11-04 19:44:00,5,1667616240
925,925,2022-11-04 19:59:00,5,1667617140
926,926,2022-11-04 20:14:00,5,1667618040
927,927,2022-11-04 20:29:00,5,1667618940
928,928,2022-11-04 20:44:00,5,1667619840
929,929,2022-11-04 20:59:00,5,1667620740
930,930,2022-11-04 21:14:00,12,1667621640
931,931,2022-11-04 21:29:00,12,1667622540
932,932,2022-11-04 21:44:00,9,1667623440
933,933,2022-11-04 21:59:00,9,1667624340
934,934,2022-11-04 22:14:00,5,1667625240
935,935,2022-11-04 22:29:00,5,1667626140
936,936,2022-11-04 22:44:00,8,1667627040
937,937,2022-11-04 22:59:00,8,1667627940
938,938,2022-11-04 23:14:00,7,1667628840
939,939,2022-11-04 23:29:00,7,1667629740
940,940,2022-11-04 23:44:00,7,1667630640
941,941,2022-11-04 23:59:00,7,1667631540
942,942,2022-11-05 00:14:00,5,1667632440
943,943,2022-11-05 00:29:00,5,1667633340
944,944,2022-11-05 00:44:00,5,1667634240
945,945,2022-11-05 00:59:00,5,1667635140
946,946,2022-11-05 01:14:00,13,1667636040
947,947,2022-11-05 01:29:00,13,1667636940
948,948,2022-11-05 01:44:00,12,1667637840
949,949,2022-11-05 01:59:00,12,1667638740
950,950,2022-11-05 02:14:00,12,1667639640
951,951,2022-11-05 02:29:00,12,1667640540
952,952,2022-11-05 02:44:00,13,1667641440
953,953,2022-11-05 02:59:00,13,1667642340
954,954,2022-11-05 03:14:00,20,1667643240
955,955,2022-11-05 03:29:00,20,1667644140
956,956,2022-11-05 03:44:00,20,1667645040
957,957,2022-11-05 03:59:00,20,1667645940
958,958,2022-11-05 04:14:00,15,1667646840
959,959,2022-11-05 04:29:00,15,1667647740
960,960,2022-11-05 04:44:00,9,1667648640
961,961,2022-11-05 04:59:00,9,1667649540
962,962,2022-11-05 05:14:00,6,1667650440
963,963,2022-11-05 05:29:00,6,1667651340
964,964,2022-11-05 05:44:00,12,1667652240
965,965,2022-11-05 05:59:00,12,1667653140
966,966,2022-11-05 06:14:00,11,1667654040
967,967,2022-11-05 06:29:00,11,1667654940
968,968,2022-11-05 06:44:00,9,1667655840
969,969,2022-11-05 06:59:00,9,1667656740
970,970,2022-11-05 07:14:00,4,1667657640
971,971,2022-11-05 07:29:00,4,1667658540
972,972,2022-11-05 07:44:00,5,1667659440
973,973,2022-11-05 07:59:00,5,1667660340
974,974,2022-11-05 08:14:00,5,1667661240
975,975,2022-11-05 08:29:00,5,1667662140
976,976,2022-11-05 08:44:00,5,1667663040
977,977,2022-11-05 08:59:00,5,1667663940
978,978,2022-11-05 09:14:00,6,1667664840
979,979,2022-11-05 09:29:00,6,1667665740
980,980,2022-11-05 09:44:00,5,1667666640
981,981,2022-11-05 09:59:00,5,1667667540
982,982,2022-11-05 10:14:00,5,1667668440
983,983,2022-11-05 10:29:00,5,1667669340
984,984,2022-11-05 10:44:00,5,1667670240
985,985,2022-11-05 10:59:00,5,1667671140
986,986,2022-11-05 11:14:00,5,1667672040
987,987,2022-11-05 11:29:00,5,1667672940
988,988,2022-11-05 11:44:00,5,1667673840
989,989,2022-11-05 11:59:00,5,1667674740
990,990,2022-11-05 12:14:00,5,1667675640
991,991,2022-11-05 12:29:00,5,1667676540
992,992,2022-11-05 12:44:00,5,1667677440
993,993,2022-11-05 12:59:00,5,1667678340
994,994,2022-11-05 13:14:00,22,1667679240
995,995,2022-11-05 13:29:00,22,1667680140
996,996,2022-11-05 13:44:00,23,1667681040
997,997,2022-11-05 13:59:00,23,1667681940
998,998,2022-11-05 14:14:00,21,1667682840
999,999,2022-11-05 14:29:00,21,1667683740
1000,1000,2022-11-05 14:44:00,22,1667684640
1001,1001,2022-11-05 14:59:00,22,1667685540
1002,1002,2022-11-05 15:14:00,14,1667686440
1003,1003,2022-11-05 15:29:00,14,1667687340
1004,1004,2022-11-05 15:44:00,10,1667688240
1005,1005,2022-11-05 15:59:00,10,1667689140
1006,1006,2022-11-05 16:14:00,9,1667690040
1007,1007,2022-11-05 16:29:00,9,1667690940
1008,1008,2022-11-05 16:44:00,6,1667691840
1009,1009,2022-11-05 16:59:00,6,1667692740
1010,1010,2022-11-05 17:14:00,5,1667693640
1011,1011,2022-11-05 17:29:00,5,1667694540
1012,1012,2022-11-05 17:44:00,4,1667695440
1013,1013,2022-11-05 17:59:00,4,1667696340
1014,1014,2022-11-05 18:14:00,5,1667697240
1015,1015,2022-11-05 18:29:00,5,1667698140
1016,1016,2022-11-05 18:44:00,5,1667699040
1017,1017,2022-11-05 18:59:00,5,1667699940
1018,1018,2022-11-05 19:14:00,4,1667700840
1019,1019,2022-11-05 19:29:00,4,1667701740
1020,1020,2022-11-05 19:44:00,6,1667702640
1021,1021,2022-11-05 19:59:00,6,1667703540
1022,1022,2022-11-05 20:14:00,4,1667704440
1023,1023,2022-11-05 20:29:00,4,1667705340
1024,1024,2022-11-05 20:44:00,5,1667706240
1025,1025,2022-11-05 20:59:00,5,1667707140
1026,1026,2022-11-05 21:14:00,7,1667708040
1027,1027,2022-11-05 21:29:00,7,1667708940
1028,1028,2022-11-05 21:44:00,5,1667709840
1029,1029,2022-11-05 21:59:00,5,1667710740
1030,1030,2022-11-05 22:14:00,7,1667711640
1031,1031,2022-11-05 22:29:00,7,1667712540
1032,1032,2022-11-05 22:44:00,6,1667713440
1033,1033,2022-11-05 22:59:00,6,1667714340
1034,1034,2022-11-05 23:14:00,5,1667715240
1035,1035,2022-11-05 23:29:00,5,1667716140
1036,1036,2022-11-05 23:44:00,7,1667717040
1037,1037,2022-11-05 23:59:00,7,1667717940
1038,1038,2022-11-06 00:14:00,7,1667718840
1039,1039,2022-11-06 00:29:00,7,1667719740
1040,1040,2022-11-06 00:44:00,8,1667720640
1041,1041,2022-11-06 00:59:00,8,1667721540
1042,1042,2022-11-06 01:14:00,10,1667722440
1043,1043,2022-11-06 01:29:00,10,1667723340
1044,1044,2022-11-06 01:44:00,8,1667724240
1045,1045,2022-11-06 01:59:00,8,1667725140
1046,1046,2022-11-06 02:14:00,9,1667726040
1047,1047,2022-11-06 02:29:00,9,1667726940
1048,1048,2022-11-06 02:44:00,10,1667727840
1049,1049,2022-11-06 02:59:00,10,1667728740
1050,1050,2022-11-06 03:14:00,5,1667729640
1051,1051,2022-11-06 03:29:00,5,1667730540
1052,1052,2022-11-06 03:44:00,5,1667731440
1053,1053,2022-11-06 03:59:00,5,1667732340
1054,1054,2022-11-06 04:14:00,5,1667733240
1055,1055,2022-11-06 04:29:00,5,1667734140
1056,1056,2022-11-06 04:44:00,8,1667735040
1057,1057,2022-11-06 04:59:00,8,1667735940
1058,1058,2022-11-06 05:14:00,7,1667736840
1059,1059,2022-11-06 05:29:00,7,1667737740
1060,1060,2022-11-06 05:44:00,5,1667738640
1061,1061,2022-11-06 05:59:00,5,1667739540
1062,1062,2022-11-06 06:14:00,5,1667740440
1063,1063,2022-11-06 06:29:00,5,1667741340
1064,1064,2022-11-06 06:44:00,5,1667742240
1065,1065,2022-11-06 06:59:00,5,1667743140
1066,1066,2022-11-06 07:14:00,5,1667744040
1067,1067,2022-11-06 07:29:00,5,1667744940
1068,1068,2022-11-06 07:44:00,5,1667745840
1069,1069,2022-11-06 07:59:00,5,1667746740
1070,1070,2022-11-06 08:14:00,5,1667747640
1071,1071,2022-11-06 08:29:00,5,1667748540
1072,1072,2022-11-06 08:44:00,5,1667749440
1073,1073,2022-11-06 08:59:00,5,1667750340
1074,1074,2022-11-06 09:14:00,5,1667751240
1075,1075,2022-11-06 09:29:00,5,1667752140
1076,1076,2022-11-06 09:44:00,6,1667753040
1077,1077,2022-11-06 09:59:00,6,1667753940
1078,1078,2022-11-06 10:14:00,6,1667754840
1079,1079,2022-11-06 10:29:00,6,1667755740
1080,1080,2022-11-06 10:44:00,6,1667756640
1081,1081,2022-11-06 10:59:00,6,1667757540
1082,1082,2022-11-06 11:14:00,6,1667758440
1083,1083,2022-11-06 11:29:00,6,1667759340
1084,1084,2022-11-06 11:44:00,6,1667760240
1085,1085,2022-11-06 11:59:00,6,1667761140
1086,1086,2022-11-06 12:14:00,5,1667762040
1087,1087,2022-11-06 12:29:00,5,1667762940
1088,1088,2022-11-06 12:44:00,5,1667763840
1089,1089,2022-11-06 12:59:00,5,1667764740
1090,1090,2022-11-06 13:14:00,6,1667765640
1091,1091,2022-11-06 13:29:00,6,1667766540
1092,1092,2022-11-06 13:44:00,8,1667767440
1093,1093,2022-11-06 13:59:00,8,1667768340
1094,1094,2022-11-06 14:14:00,8,1667769240
1095,1095,2022-11-06 14:29:00,8,1667770140
1096,1096,2022-11-06 14:44:00,5,1667771040
1097,1097,2022-11-06 14:59:00,5,1667771940
1098,1098,2022-11-06 15:14:00,5,1667772840
1099,1099,2022-11-06 15:29:00,5,1667773740
1100,1100,2022-11-06 15:44:00,6,1667774640
1101,1101,2022-11-06 15:59:00,6,1667775540
1102,1102,2022-11-06 16:14:00,8,1667776440
1103,1103,2022-11-06 16:29:00,8,1667777340
1104,1104,2022-11-06 16:44:00,6,1667778240
1105,1105,2022-11-06 16:59:00,6,1667779140
1106,1106,2022-11-06 17:14:00,12,1667780040
1107,1107,2022-11-06 17:29:00,12,1667780940
1108,1108,2022-11-06 17:44:00,10,1667781840
1109,1109,2022-11-06 17:59:00,10,1667782740
1110,1110,2022-11-06 18:14:00,7,1667783640
1111,1111,2022-11-06 18:29:00,7,1667784540
1112,1112,2022-11-06 18:44:00,9,1667785440
1113,1113,2022-11-06 18:59:00,9,1667786340
1114,1114,2022-11-06 19:14:00,9,1667787240
1115,1115,2022-11-06 19:29:00,9,1667788140
1116,1116,2022-11-06 19:44:00,6,1667789040
1117,1117,2022-11-06 19:59:00,6,1667789940
1118,1118,2022-11-06 20:14:00,5,1667790840
1119,1119,2022-11-06 20:29:00,5,1667791740
1120,1120,2022-11-06 20:44:00,5,1667792640
1121,1121,2022-11-06 20:59:00,5,1667793540
1122,1122,2022-11-06 21:14:00,5,1667794440
1123,1123,2022-11-06 21:29:00,5,1667795340
1124,1124,2022-11-06 21:44:00,5,1667796240
1125,1125,2022-11-06 21:59:00,5,1667797140
1126,1126,2022-11-06 22:14:00,5,1667798040
1127,1127,2022-11-06 22:29:00,5,1667798940
1128,1128,2022-11-06 22:44:00,6,1667799840
1129,1129,2022-11-06 22:59:00,6,1667800740
1130,1130,2022-11-06 23:14:00,5,1667801640
1131,1131,2022-11-06 23:29:00,5,1667802540
1132,1132,2022-11-06 23:44:00,5,1667803440
1133,1133,2022-11-06 23:59:00,5,1667804340
1134,1134,2022-11-07 00:14:00,5,1667805240
1135,1135,2022-11-07 00:29:00,5,1667806140
1136,1136,2022-11-07 00:44:00,5,1667807040
1137,1137,2022-11-07 00:59:00,5,1667807940
1138,1138,2022-11-07 01:14:00,5,1667808840
1139,1139,2022-11-07 01:29:00,5,1667809740
1140,1140,2022-11-07 01:44:00,6,1667810640
1141,1141,2022-11-07 01:59:00,6,1667811540
1142,1142,2022-11-07 02:14:00,9,1667812440
1143,1143,2022-11-07 02:29:00,9,1667813340
1144,1144,2022-11-07 02:44:00,12,1667814240
1145,1145,2022-11-07 02:59:00,12,1667815140
1146,1146,2022-11-07 03:14:00,14,1667816040
1147,1147,2022-11-07 03:29:00,14,1667816940
1148,1148,2022-11-07 03:44:00,12,1667817840
1149,1149,2022-11-07 03:59:00,12,1667818740
1150,1150,2022-11-07 04:14:00,13,1667819640
1151,1151,2022-11-07 04:29:00,13,1667820540
1152,1152,2022-11-07 04:44:00,14,1667821440
1153,1153,2022-11-07 04:59:00,14,1667822340
1154,1154,2022-11-07 05:14:00,16,1667823240
1155,1155,2022-11-07 05:29:00,16,1667824140
1156,1156,2022-11-07 05:44:00,19,1667825040
1157,1157,2022-11-07 05:59:00,19,1667825940
1158,1158,2022-11-07 06:14:00,20,1667826840
1159,1159,2022-11-07 06:29:00,20,1667827740
1160,1160,2022-11-07 06:44:00,15,1667828640
1161,1161,2022-11-07 06:59:00,15,1667829540
1162,1162,2022-11-07 07:14:00,14,1667830440
1163,1163,2022-11-07 07:29:00,14,1667831340
1164,1164,2022-11-07 07:44:00,13,1667832240
1165,1165,2022-11-07 07:59:00,13,1667833140
1166,1166,2022-11-07 08:14:00,13,1667834040
1167,1167,2022-11-07 08:29:00,13,1667834940
1168,1168,2022-11-07 08:44:00,11,1667835840
1169,1169,2022-11-07 08:59:00,11,1667836740
1170,1170,2022-11-07 09:14:00,11,1667837640
1171,1171,2022-11-07 09:29:00,11,1667838540
1172,1172,2022-11-07 09:44:00,6,1667839440
1173,1173,2022-11-07 09:59:00,6,1667840340
1174,1174,2022-11-07 10:14:00,6,1667841240
1175,1175,2022-11-07 10:29:00,6,1667842140
1176,1176,2022-11-07 10:44:00,6,1667843040
1177,1177,2022-11-07 10:59:00,6,1667843940
1178,1178,2022-11-07 11:14:00,6,1667844840
1179,1179,2022-11-07 11:29:00,6,1667845740
1180,1180,2022-11-07 11:44:00,6,1667846640
1181,1181,2022-11-07 11:59:00,6,1667847540
1182,1182,2022-11-07 12:14:00,11,1667848440
1183,1183,2022-11-07 12:29:00,11,1667849340
1184,1184,2022-11-07 12:44:00,17,1667850240
1185,1185,2022-11-07 12:59:00,17,1667851140
1186,1186,2022-11-07 13:14:00,20,1667852040
1187,1187,2022-11-07 13:29:00,20,1667852940
1188,1188,2022-11-07 13:44:00,28,1667853840
1189,1189,2022-11-07 13:59:00,28,1667854740
1190,1190,2022-11-07 14:14:00,29,1667855640
1191,1191,2022-11-07 14:29:00,29,1667856540
1192,1192,2022-11-07 14:44:00,32,1667857440
1193,1193,2022-11-07 14:59:00,32,1667858340
1194,1194,2022-11-07 15:14:00,26,1667859240
1195,1195,2022-11-07 15:29:00,26,1667860140
1196,1196,2022-11-07 15:44:00,18,1667861040
1197,1197,2022-11-07 15:59:00,18,1667861940
1198,1198,2022-11-07 16:14:00,14,1667862840
1199,1199,2022-11-07 16:29:00,14,1667863740
1200,1200,2022-11-07 16:44:00,17,1667864640
1201,1201,2022-11-07 16:59:00,17,1667865540
1202,1202,2022-11-07 17:14:00,9,1667866440
1203,1203,2022-11-07 17:29:00,9,1667867340
1204,1204,2022-11-07 17:44:00,7,1667868240
1205,1205,2022-11-07 17:59:00,7,1667869140
1206,1206,2022-11-07 18:14:00,5,1667870040
1207,1207,2022-11-07 18:29:00,5,1667870940
1208,1208,2022-11-07 18:44:00,5,1667871840
1209,1209,2022-11-07 18:59:00,5,1667872740
1210,1210,2022-11-07 19:14:00,5,1667873640
1211,1211,2022-11-07 19:29:00,5,1667874540
1212,1212,2022-11-07 19:44:00,5,1667875440
1213,1213,2022-11-07 19:59:00,5,1667876340
1214,1214,2022-11-07 20:14:00,5,1667877240
1215,1215,2022-11-07 20:29:00,5,1667878140
1216,1216,2022-11-07 20:44:00,5,1667879040
1217,1217,2022-11-07 20:59:00,5,1667879940
1218,1218,2022-11-07 21:14:00,6,1667880840
1219,1219,2022-11-07 21:29:00,6,1667881740
1220,1220,2022-11-07 21:44:00,6,1667882640
1221,1221,2022-11-07 21:59:00,6,1667883540
1222,1222,2022-11-07 22:14:00,5,1667884440
1223,1223,2022-11-07 22:29:00,5,1667885340
1224,1224,2022-11-07 22:44:00,5,1667886240
1225,1225,2022-11-07 22:59:00,5,1667887140
1226,1226,2022-11-07 23:14:00,6,1667888040
1227,1227,2022-11-07 23:29:00,6,1667888940
1228,1228,2022-11-07 23:44:00,7,1667889840
1229,1229,2022-11-07 23:59:00,7,1667890740
1230,1230,2022-11-08 00:14:00,9,1667891640
1231,1231,2022-11-08 00:29:00,9,1667892540
1232,1232,2022-11-08 00:44:00,9,1667893440
1233,1233,2022-11-08 00:59:00,6,1667894340
1234,1234,2022-11-08 01:14:00,16,1667895240
1235,1235,2022-11-08 01:29:00,16,1667896140
1236,1236,2022-11-08 01:44:00,25,1667897040
1237,1237,2022-11-08 01:59:00,25,1667897940
1238,1238,2022-11-08 02:14:00,31,1667898840
1239,1239,2022-11-08 02:29:00,31,1667899740
1240,1240,2022-11-08 02:44:00,19,1667900640
1241,1241,2022-11-08 02:59:00,19,1667901540
1242,1242,2022-11-08 03:14:00,10,1667902440
1243,1243,2022-11-08 03:29:00,10,1667903340
1244,1244,2022-11-08 03:44:00,14,1667904240
1245,1245,2022-11-08 03:59:00,14,1667905140
1246,1246,2022-11-08 04:14:00,13,1667906040
1247,1247,2022-11-08 04:29:00,13,1667906940
1248,1248,2022-11-08 04:44:00,32,1667907840
1249,1249,2022-11-08 04:59:00,32,1667908740
1250,1250,2022-11-08 05:14:00,44,1667909640
1251,1251,2022-11-08 05:29:00,44,1667910540
1252,1252,2022-11-08 05:44:00,48,1667911440
1253,1253,2022-11-08 05:59:00,48,1667912340
1254,1254,2022-11-08 06:14:00,40,1667913240
1255,1255,2022-11-08 06:29:00,40,1667914140
1256,1256,2022-11-08 06:44:00,44,1667915040
1257,1257,2022-11-08 06:59:00,44,1667915940
1258,1258,2022-11-08 07:14:00,45,1667916840
1259,1259,2022-11-08 07:29:00,45,1667917740
1260,1260,2022-11-08 07:44:00,31,1667918640
1261,1261,2022-11-08 07:59:00,31,1667919540
1262,1262,2022-11-08 08:14:00,26,1667920440
1263,1263,2022-11-08 08:29:00,26,1667921340
1264,1264,2022-11-08 08:44:00,26,1667922240
1265,1265,2022-11-08 08:59:00,26,1667923140
1266,1266,2022-11-08 09:14:00,32,1667924040
1267,1267,2022-11-08 09:29:00,32,1667924940
1268,1268,2022-11-10 10:29:00,24,1668101340
1269,1269,2022-11-10 10:44:00,24,1668102240
